1,0.000617,-nan,0.000000
1,0.000391,-nan,0.000000
1,0.000382,-nan,0.000000
1,0.000376,-nan,0.000000
2,0.002136,-nan,0.000000
2,0.000352,-nan,0.000000
2,0.000302,-nan,0.000000
2,0.000390,-nan,0.000000
3,0.005498,113.000000,113.000000
3,0.000382,-nan,0.000000
3,0.000352,-nan,0.000000
3,0.000367,-nan,0.000000
4,0.000579,-nan,0.000000
4,0.000395,-nan,0.000000
4,0.000353,-nan,0.000000
4,0.000352,-nan,0.000000
5,1.624160,124.142857,133.000000
5,40.780677,129.312796,139.000000
5,14.859668,128.387640,139.000000
5,28.831906,129.066474,138.000000
6,29.671083,129.607330,139.000000
6,0.457692,120.083333,123.000000
6,0.442387,119.888889,124.000000
6,0.396896,114.444444,118.000000
7,28.806888,130.023324,142.000000
7,15.881569,130.984848,143.000000
7,28.806115,131.773913,140.000000
7,0.375894,119.800000,121.000000
8,0.000609,-nan,0.000000
8,0.000373,-nan,0.000000
8,0.000393,-nan,0.000000
8,0.000349,-nan,0.000000
9,10.897976,129.392857,141.000000
9,30.951323,130.326316,145.000000
9,30.065135,130.934426,143.000000
9,1.491138,128.354839,134.000000
10,4.478497,127.178571,136.000000
10,3.936573,129.446154,137.000000
10,2.635532,125.375000,136.000000
10,26.969233,129.610811,140.000000
11,1.190700,121.333333,129.000000
11,0.409854,110.000000,113.000000
11,0.408383,111.000000,113.000000
11,0.408749,110.111111,111.000000
12,0.000699,-nan,0.000000
12,0.000367,-nan,0.000000
12,0.000353,-nan,0.000000
12,0.000432,-nan,0.000000
13,1.929830,128.384615,139.000000
13,1.173044,127.761905,132.000000
13,13.710487,129.744292,139.000000
13,14.200391,131.976077,140.000000
14,4.357591,128.951807,137.000000
14,12.106618,129.722222,138.000000
14,14.113212,131.813953,139.000000
14,45.002507,130.676157,142.000000
15,15.565546,129.395556,139.000000
15,1.607276,131.178571,140.000000
15,13.079941,130.730159,138.000000
15,0.183339,124.666667,128.000000
16,0.000597,-nan,0.000000
16,0.000330,-nan,0.000000
16,0.000308,-nan,0.000000
16,0.000332,-nan,0.000000
17,8.633606,129.669173,137.000000
17,4.800920,127.512195,136.000000
17,14.656340,131.407407,139.000000
17,14.731107,131.467980,147.000000
18,1.149854,128.720000,134.000000
18,0.988902,127.705882,140.000000
18,15.159633,130.307339,138.000000
18,0.370888,122.857143,126.000000
19,1.421895,122.240000,129.000000
19,0.184043,113.500000,116.000000
19,0.188384,110.750000,112.000000
19,0.148050,108.666667,109.000000
20,0.000618,-nan,0.000000
20,0.000326,-nan,0.000000
20,0.000326,-nan,0.000000
20,0.000331,-nan,0.000000
21,0.737294,128.214286,138.000000
21,4.994798,130.269231,136.000000
21,0.491770,120.538462,131.000000
21,1.683827,129.794118,138.000000
22,0.458865,122.222222,125.000000
22,0.329166,119.500000,127.000000
22,15.223093,129.094421,143.000000
22,0.164669,118.333333,119.000000
23,0.722053,127.933333,132.000000
23,0.243014,120.800000,123.000000
23,0.172168,119.000000,121.000000
23,0.153773,118.000000,119.000000
24,0.002826,-nan,0.000000
24,0.000340,-nan,0.000000
24,0.000330,-nan,0.000000
24,0.000341,-nan,0.000000
25,2.462654,129.020833,137.000000
25,3.218257,129.571429,138.000000
25,5.750907,131.474227,139.000000
25,10.742029,129.497175,137.000000
26,1.725770,127.085714,133.000000
26,11.447655,128.029268,135.000000
26,1.224139,128.064516,136.000000
26,26.172715,132.065104,141.000000
27,0.896934,128.117647,131.000000
27,4.496771,130.666667,137.000000
27,0.155586,123.600000,126.000000
27,0.188977,125.750000,129.000000
28,0.001007,-nan,0.000000
28,0.000340,-nan,0.000000
28,0.000309,-nan,0.000000
28,0.000335,-nan,0.000000
29,1.906834,129.714286,137.000000
29,7.750453,130.452055,137.000000
29,1.025422,127.480000,136.000000
29,0.326971,130.333333,137.000000
30,2.499068,130.239130,140.000000
30,0.680061,128.000000,132.000000
30,1.225454,128.166667,136.000000
30,2.056462,128.971429,133.000000
31,0.656521,120.692308,124.000000
31,0.179112,120.750000,123.000000
31,0.642751,123.750000,127.000000
31,0.157416,116.666667,117.000000
32,0.000682,-nan,0.000000
32,0.000332,-nan,0.000000
32,0.000319,-nan,0.000000
32,0.000344,-nan,0.000000
33,0.004669,-nan,0.000000
33,0.000602,-nan,0.000000
33,0.000340,-nan,0.000000
33,0.000583,-nan,0.000000
34,0.002165,-nan,0.000000
34,0.000628,-nan,0.000000
34,0.000332,-nan,0.000000
34,0.000532,-nan,0.000000
35,0.003214,-nan,0.000000
35,0.000599,-nan,0.000000
35,0.000334,-nan,0.000000
35,0.000596,122.000000,122.000000
36,0.002140,-nan,0.000000
36,0.000335,-nan,0.000000
36,0.000322,-nan,0.000000
36,0.000349,-nan,0.000000
37,0.000904,-nan,0.000000
37,0.000596,-nan,0.000000
37,0.000305,-nan,0.000000
37,0.000576,-nan,0.000000
38,0.000989,-nan,0.000000
38,0.000687,-nan,0.000000
38,0.000418,-nan,0.000000
38,0.000612,-nan,0.000000
39,0.002528,126.000000,126.000000
39,0.000642,-nan,0.000000
39,0.000334,-nan,0.000000
39,0.000560,125.000000,125.000000
40,0.000671,-nan,0.000000
40,0.000404,-nan,0.000000
40,0.000867,-nan,0.000000
40,0.000543,-nan,0.000000
41,0.000975,-nan,0.000000
41,0.000654,-nan,0.000000
41,0.000355,-nan,0.000000
41,0.000734,-nan,0.000000
42,0.002802,-nan,0.000000
42,0.000754,-nan,0.000000
42,0.000369,122.000000,122.000000
42,0.000652,-nan,0.000000
43,0.002641,-nan,0.000000
43,0.000766,-nan,0.000000
43,0.000377,-nan,0.000000
43,0.000652,-nan,0.000000
44,0.000636,-nan,0.000000
44,0.000814,-nan,0.000000
44,0.000363,-nan,0.000000
44,0.000416,-nan,0.000000
45,0.000862,-nan,0.000000
45,0.000628,-nan,0.000000
45,0.000333,-nan,0.000000
45,0.000635,-nan,0.000000
46,0.001148,-nan,0.000000
46,0.000636,-nan,0.000000
46,0.000336,-nan,0.000000
46,0.000846,-nan,0.000000
47,0.000971,-nan,0.000000
47,0.000668,-nan,0.000000
47,0.000300,-nan,0.000000
47,0.000667,-nan,0.000000
48,0.000672,-nan,0.000000
48,0.000384,-nan,0.000000
48,0.000357,-nan,0.000000
48,0.000377,-nan,0.000000
49,0.002728,-nan,0.000000
49,0.000714,-nan,0.000000
49,0.000370,-nan,0.000000
49,0.000656,-nan,0.000000
50,0.001478,-nan,0.000000
50,0.000686,-nan,0.000000
50,0.000341,-nan,0.000000
50,0.000686,-nan,0.000000
51,0.000961,-nan,0.000000
51,0.000662,-nan,0.000000
51,0.000329,-nan,0.000000
51,0.000842,-nan,0.000000
52,0.002300,-nan,0.000000
52,0.000306,-nan,0.000000
52,0.000290,-nan,0.000000
52,0.000317,-nan,0.000000
53,0.001028,-nan,0.000000
53,0.001118,-nan,0.000000
53,0.000335,-nan,0.000000
53,0.000737,-nan,0.000000
54,0.001085,-nan,0.000000
54,0.000721,-nan,0.000000
54,0.000333,-nan,0.000000
54,0.000681,-nan,0.000000
55,0.001063,-nan,0.000000
55,0.000700,-nan,0.000000
55,0.000480,-nan,0.000000
55,0.000867,-nan,0.000000
56,0.000699,-nan,0.000000
56,0.000314,-nan,0.000000
56,0.000295,-nan,0.000000
56,0.000335,-nan,0.000000
57,0.001066,-nan,0.000000
57,0.000714,-nan,0.000000
57,0.000535,-nan,0.000000
57,0.000700,-nan,0.000000
58,0.002611,-nan,0.000000
58,0.000711,-nan,0.000000
58,0.000329,-nan,0.000000
58,0.000734,-nan,0.000000
59,0.001120,119.000000,119.000000
59,0.000724,-nan,0.000000
59,0.000325,-nan,0.000000
59,0.000699,-nan,0.000000
60,0.000796,-nan,0.000000
60,0.000340,-nan,0.000000
60,0.000318,-nan,0.000000
60,0.000367,-nan,0.000000
61,0.001023,-nan,0.000000
61,0.000871,-nan,0.000000
61,0.000336,-nan,0.000000
61,0.000732,-nan,0.000000
62,0.001160,-nan,0.000000
62,0.000769,-nan,0.000000
62,0.000379,-nan,0.000000
62,0.000758,-nan,0.000000
63,0.001186,-nan,0.000000
63,0.001055,-nan,0.000000
63,0.000395,-nan,0.000000
63,0.001026,-nan,0.000000
64,0.002767,-nan,0.000000
64,0.000321,-nan,0.000000
64,0.000313,-nan,0.000000
64,0.000333,-nan,0.000000
65,0.001088,124.000000,124.000000
65,0.000765,-nan,0.000000
65,0.000360,-nan,0.000000
65,0.000748,-nan,0.000000
66,0.001085,-nan,0.000000
66,0.000767,-nan,0.000000
66,0.000339,-nan,0.000000
66,0.000750,-nan,0.000000
67,0.001178,-nan,0.000000
67,0.000802,-nan,0.000000
67,0.000361,-nan,0.000000
67,0.000820,-nan,0.000000
68,0.000682,-nan,0.000000
68,0.000364,-nan,0.000000
68,0.000346,-nan,0.000000
68,0.000370,-nan,0.000000
69,0.001136,-nan,0.000000
69,0.000796,-nan,0.000000
69,0.000369,-nan,0.000000
69,0.000764,-nan,0.000000
70,0.002722,-nan,0.000000
70,0.000836,-nan,0.000000
70,0.000372,-nan,0.000000
70,0.000831,-nan,0.000000
71,0.002871,-nan,0.000000
71,0.000876,-nan,0.000000
71,0.000395,-nan,0.000000
71,0.000869,-nan,0.000000
72,0.000614,-nan,0.000000
72,0.000341,-nan,0.000000
72,0.000331,-nan,0.000000
72,0.000353,-nan,0.000000
73,0.001147,128.000000,128.000000
73,0.000841,-nan,0.000000
73,0.000356,-nan,0.000000
73,0.000818,-nan,0.000000
74,0.001193,-nan,0.000000
74,0.000835,-nan,0.000000
74,0.000352,129.000000,129.000000
74,0.000911,-nan,0.000000
75,0.001240,-nan,0.000000
75,0.000817,-nan,0.000000
75,0.000338,-nan,0.000000
75,0.000819,-nan,0.000000
76,0.000787,-nan,0.000000
76,0.000366,-nan,0.000000
76,0.000350,-nan,0.000000
76,0.000397,-nan,0.000000
77,0.001217,-nan,0.000000
77,0.000862,-nan,0.000000
77,0.000381,-nan,0.000000
77,0.000861,-nan,0.000000
78,0.001224,-nan,0.000000
78,0.000857,-nan,0.000000
78,0.000581,-nan,0.000000
78,0.000832,-nan,0.000000
79,0.001615,-nan,0.000000
79,0.000885,-nan,0.000000
79,0.000405,-nan,0.000000
79,0.000881,-nan,0.000000
80,0.000628,-nan,0.000000
80,0.000385,-nan,0.000000
80,0.000347,-nan,0.000000
80,0.000378,-nan,0.000000
81,0.001525,131.000000,131.000000
81,0.000914,-nan,0.000000
81,0.000386,-nan,0.000000
81,0.000899,-nan,0.000000
82,0.001194,-nan,0.000000
82,0.000915,-nan,0.000000
82,0.000362,-nan,0.000000
82,0.000885,-nan,0.000000
83,0.001298,-nan,0.000000
83,0.000939,-nan,0.000000
83,0.000833,-nan,0.000000
83,0.000888,-nan,0.000000
84,0.000838,129.000000,129.000000
84,0.000379,-nan,0.000000
84,0.000390,-nan,0.000000
84,0.000404,-nan,0.000000
85,0.001282,-nan,0.000000
85,0.000909,-nan,0.000000
85,0.000360,-nan,0.000000
85,0.000859,-nan,0.000000
86,0.001241,-nan,0.000000
86,0.000888,-nan,0.000000
86,0.000389,-nan,0.000000
86,0.000893,-nan,0.000000
87,0.002964,-nan,0.000000
87,0.000936,-nan,0.000000
87,0.000361,-nan,0.000000
87,0.001150,-nan,0.000000
88,0.000856,-nan,0.000000
88,0.000355,-nan,0.000000
88,0.000346,-nan,0.000000
88,0.000371,-nan,0.000000
89,0.001297,-nan,0.000000
89,0.000890,-nan,0.000000
89,0.000347,-nan,0.000000
89,0.000871,-nan,0.000000
90,0.002945,-nan,0.000000
90,0.000921,-nan,0.000000
90,0.000355,-nan,0.000000
90,0.000913,-nan,0.000000
91,0.001291,-nan,0.000000
91,0.000943,-nan,0.000000
91,0.000363,-nan,0.000000
91,0.000946,-nan,0.000000
92,0.000973,-nan,0.000000
92,0.000357,-nan,0.000000
92,0.000329,128.000000,128.000000
92,0.000379,-nan,0.000000
93,0.002845,-nan,0.000000
93,0.000924,-nan,0.000000
93,0.000354,-nan,0.000000
93,0.000920,-nan,0.000000
94,0.002944,-nan,0.000000
94,0.001474,-nan,0.000000
94,0.000371,-nan,0.000000
94,0.000962,-nan,0.000000
95,0.001432,-nan,0.000000
95,0.000945,-nan,0.000000
95,0.000350,-nan,0.000000
95,0.000956,-nan,0.000000
96,0.002395,-nan,0.000000
96,0.000353,-nan,0.000000
96,0.000338,-nan,0.000000
96,0.000437,-nan,0.000000
97,0.001477,-nan,0.000000
97,0.001245,-nan,0.000000
97,0.000363,-nan,0.000000
97,0.000974,-nan,0.000000
98,0.001429,-nan,0.000000
98,0.001031,132.000000,132.000000
98,0.095313,134.000000,136.000000
98,0.000998,-nan,0.000000
99,0.003026,-nan,0.000000
99,0.000987,-nan,0.000000
99,0.000401,-nan,0.000000
99,0.000963,-nan,0.000000
100,0.002304,-nan,0.000000
100,0.000371,-nan,0.000000
100,0.000337,-nan,0.000000
100,0.000376,-nan,0.000000
101,0.003390,-nan,0.000000
101,0.000970,-nan,0.000000
101,0.000347,-nan,0.000000
101,0.000965,-nan,0.000000
102,0.002892,134.000000,134.000000
102,0.001001,-nan,0.000000
102,0.000359,-nan,0.000000
102,0.000984,-nan,0.000000
103,0.001390,-nan,0.000000
103,0.001006,-nan,0.000000
103,0.000353,-nan,0.000000
103,0.000994,-nan,0.000000
104,0.000762,-nan,0.000000
104,0.000339,-nan,0.000000
104,0.000341,-nan,0.000000
104,0.000365,-nan,0.000000
105,0.001589,-nan,0.000000
105,0.000990,-nan,0.000000
105,0.000344,-nan,0.000000
105,0.001003,136.333333,139.000000
106,0.001263,-nan,0.000000
106,0.001003,-nan,0.000000
106,0.000340,-nan,0.000000
106,0.001001,-nan,0.000000
107,0.001633,-nan,0.000000
107,0.001027,-nan,0.000000
107,0.000342,-nan,0.000000
107,0.001008,-nan,0.000000
108,0.000707,-nan,0.000000
108,0.000357,-nan,0.000000
108,0.000344,-nan,0.000000
108,0.000384,-nan,0.000000
109,0.001509,-nan,0.000000
109,0.000996,-nan,0.000000
109,0.000345,-nan,0.000000
109,0.001028,138.000000,138.000000
110,0.001375,-nan,0.000000
110,0.001045,135.000000,135.000000
110,0.000405,-nan,0.000000
110,0.001094,-nan,0.000000
111,0.001910,-nan,0.000000
111,0.001365,-nan,0.000000
111,0.000351,-nan,0.000000
111,0.001107,-nan,0.000000
112,0.002469,-nan,0.000000
112,0.000367,-nan,0.000000
112,0.000369,-nan,0.000000
112,0.000652,-nan,0.000000
113,0.001522,-nan,0.000000
113,0.001065,-nan,0.000000
113,0.000341,-nan,0.000000
113,0.001049,-nan,0.000000
114,0.001571,-nan,0.000000
114,0.001071,-nan,0.000000
114,0.000360,-nan,0.000000
114,0.001345,-nan,0.000000
115,0.001542,-nan,0.000000
115,0.001129,-nan,0.000000
115,0.000358,-nan,0.000000
115,0.001083,-nan,0.000000
116,0.002612,133.000000,133.000000
116,0.000371,-nan,0.000000
116,0.000362,-nan,0.000000
116,0.000419,-nan,0.000000
117,0.003501,-nan,0.000000
117,0.001082,-nan,0.000000
117,0.000350,-nan,0.000000
117,0.001051,-nan,0.000000
118,0.001465,-nan,0.000000
118,0.001129,-nan,0.000000
118,0.000369,-nan,0.000000
118,0.001119,-nan,0.000000
119,0.003592,-nan,0.000000
119,0.001123,-nan,0.000000
119,0.000351,-nan,0.000000
119,0.001116,-nan,0.000000
120,0.000807,134.000000,134.000000
120,0.000347,-nan,0.000000
120,0.000328,-nan,0.000000
120,0.000375,-nan,0.000000
121,0.001690,-nan,0.000000
121,0.001090,-nan,0.000000
121,0.000348,-nan,0.000000
121,0.001094,-nan,0.000000
122,0.001529,-nan,0.000000
122,0.001157,-nan,0.000000
122,0.002040,-nan,0.000000
122,0.001125,-nan,0.000000
123,0.003109,-nan,0.000000
123,0.001121,-nan,0.000000
123,0.000335,-nan,0.000000
123,0.001089,-nan,0.000000
124,0.000731,-nan,0.000000
124,0.000343,-nan,0.000000
124,0.000317,-nan,0.000000
124,0.000376,-nan,0.000000
125,0.005241,-nan,0.000000
125,0.001113,-nan,0.000000
125,0.000375,-nan,0.000000
125,0.001412,-nan,0.000000
126,0.003274,-nan,0.000000
126,0.001122,-nan,0.000000
126,0.000353,-nan,0.000000
126,0.001437,-nan,0.000000
127,0.001661,136.000000,136.000000
127,0.001154,-nan,0.000000
127,0.000339,-nan,0.000000
127,0.001148,-nan,0.000000
128,0.002289,-nan,0.000000
128,0.000353,-nan,0.000000
128,0.000304,-nan,0.000000
128,0.000353,-nan,0.000000
129,0.001512,-nan,0.000000
129,0.001147,-nan,0.000000
129,0.000363,-nan,0.000000
129,0.001164,-nan,0.000000
130,0.001716,-nan,0.000000
130,0.001166,-nan,0.000000
130,0.000355,-nan,0.000000
130,0.001168,-nan,0.000000
131,0.001750,-nan,0.000000
131,0.001233,-nan,0.000000
131,0.000400,-nan,0.000000
131,0.001227,-nan,0.000000
132,0.000773,-nan,0.000000
132,0.000354,-nan,0.000000
132,0.000348,-nan,0.000000
132,0.000402,-nan,0.000000
133,0.001666,-nan,0.000000
133,0.001149,-nan,0.000000
133,0.000354,-nan,0.000000
133,0.001177,-nan,0.000000
134,0.001696,-nan,0.000000
134,0.001180,-nan,0.000000
134,0.000351,-nan,0.000000
134,0.001178,-nan,0.000000
135,0.003215,-nan,0.000000
135,0.001182,-nan,0.000000
135,0.000358,-nan,0.000000
135,0.001191,-nan,0.000000
136,0.000966,-nan,0.000000
136,0.000398,-nan,0.000000
136,0.000347,-nan,0.000000
136,0.000403,-nan,0.000000
137,0.001515,-nan,0.000000
137,0.001263,-nan,0.000000
137,0.000421,-nan,0.000000
137,0.015688,141.000000,141.000000
138,0.003123,-nan,0.000000
138,0.001545,-nan,0.000000
138,0.000356,-nan,0.000000
138,0.001392,134.000000,134.000000
139,0.003263,-nan,0.000000
139,0.001282,-nan,0.000000
139,0.000820,-nan,0.000000
139,0.001289,-nan,0.000000
140,0.002423,-nan,0.000000
140,0.000410,-nan,0.000000
140,0.000361,-nan,0.000000
140,0.000458,-nan,0.000000
141,0.001700,-nan,0.000000
141,0.001209,-nan,0.000000
141,0.000348,-nan,0.000000
141,0.001552,-nan,0.000000
142,0.003833,-nan,0.000000
142,0.001258,-nan,0.000000
142,0.000351,-nan,0.000000
142,0.001249,-nan,0.000000
143,0.002073,-nan,0.000000
143,0.001298,-nan,0.000000
143,0.000395,-nan,0.000000
143,0.001267,143.000000,143.000000
144,0.000721,-nan,0.000000
144,0.000345,-nan,0.000000
144,0.000340,-nan,0.000000
144,0.000407,-nan,0.000000
145,0.003437,140.000000,140.000000
145,0.001242,-nan,0.000000
145,0.000361,-nan,0.000000
145,0.001254,-nan,0.000000
146,0.003638,-nan,0.000000
146,0.001304,-nan,0.000000
146,0.000404,-nan,0.000000
146,0.001249,-nan,0.000000
147,0.002026,-nan,0.000000
147,0.001293,-nan,0.000000
147,0.000388,-nan,0.000000
147,0.001289,-nan,0.000000
148,0.000777,-nan,0.000000
148,0.000407,-nan,0.000000
148,0.000341,-nan,0.000000
148,0.000375,-nan,0.000000
149,0.003246,-nan,0.000000
149,0.001257,135.000000,135.000000
149,0.000395,-nan,0.000000
149,0.001293,-nan,0.000000
150,0.001750,-nan,0.000000
150,0.001309,-nan,0.000000
150,0.000373,-nan,0.000000
150,0.001337,-nan,0.000000
151,0.003251,-nan,0.000000
151,0.001312,-nan,0.000000
151,0.000429,-nan,0.000000
151,0.001326,-nan,0.000000
152,0.002396,-nan,0.000000
152,0.001004,-nan,0.000000
152,0.000416,-nan,0.000000
152,0.000441,-nan,0.000000
153,0.003187,-nan,0.000000
153,0.001313,-nan,0.000000
153,0.000410,-nan,0.000000
153,0.001325,-nan,0.000000
154,0.003320,140.000000,140.000000
154,0.001359,-nan,0.000000
154,0.000420,-nan,0.000000
154,0.001739,-nan,0.000000
155,0.002183,-nan,0.000000
155,0.001379,-nan,0.000000
155,0.000421,-nan,0.000000
155,0.001431,-nan,0.000000
156,0.001077,-nan,0.000000
156,0.000402,-nan,0.000000
156,0.000393,-nan,0.000000
156,0.000432,-nan,0.000000
157,0.001786,-nan,0.000000
157,0.001347,-nan,0.000000
157,0.000400,-nan,0.000000
157,0.001369,146.000000,146.000000
158,0.003209,-nan,0.000000
158,0.001374,-nan,0.000000
158,0.000406,-nan,0.000000
158,0.001754,-nan,0.000000
159,0.002343,-nan,0.000000
159,0.001365,-nan,0.000000
159,0.000407,-nan,0.000000
159,0.001375,-nan,0.000000
160,0.000948,-nan,0.000000
160,0.000347,-nan,0.000000
160,0.000329,-nan,0.000000
160,0.000363,-nan,0.000000
161,0.001901,-nan,0.000000
161,0.001358,-nan,0.000000
161,0.000354,-nan,0.000000
161,0.001371,-nan,0.000000
162,0.003298,-nan,0.000000
162,0.001335,136.000000,136.000000
162,0.000398,-nan,0.000000
162,0.001419,-nan,0.000000
163,0.003724,-nan,0.000000
163,0.001397,-nan,0.000000
163,0.000398,-nan,0.000000
163,0.001371,-nan,0.000000
164,0.000674,-nan,0.000000
164,0.000389,-nan,0.000000
164,0.000762,-nan,0.000000
164,0.000376,-nan,0.000000
165,0.001758,-nan,0.000000
165,0.001350,-nan,0.000000
165,0.000392,-nan,0.000000
165,0.001367,-nan,0.000000
166,0.002208,-nan,0.000000
166,0.001390,-nan,0.000000
166,0.000478,-nan,0.000000
166,0.001428,-nan,0.000000
167,0.003226,-nan,0.000000
167,0.001395,-nan,0.000000
167,0.000401,-nan,0.000000
167,0.001448,138.000000,138.000000
168,0.002382,-nan,0.000000
168,0.000355,-nan,0.000000
168,0.000330,-nan,0.000000
168,0.000555,-nan,0.000000
169,0.002124,-nan,0.000000
169,0.001393,141.000000,141.000000
169,0.000417,-nan,0.000000
169,0.001382,-nan,0.000000
170,0.001966,-nan,0.000000
170,0.001426,-nan,0.000000
170,0.000382,-nan,0.000000
170,0.001432,-nan,0.000000
171,0.002025,-nan,0.000000
171,0.001443,-nan,0.000000
171,0.000402,-nan,0.000000
171,0.001415,136.000000,136.000000
172,0.002372,-nan,0.000000
172,0.000403,-nan,0.000000
172,0.000385,-nan,0.000000
172,0.000394,-nan,0.000000
173,0.003213,-nan,0.000000
173,0.001429,-nan,0.000000
173,0.000408,137.000000,137.000000
173,0.001394,-nan,0.000000
174,0.001777,-nan,0.000000
174,0.001455,-nan,0.000000
174,0.000424,-nan,0.000000
174,0.001400,150.000000,150.000000
175,0.001843,-nan,0.000000
175,0.001428,-nan,0.000000
175,0.000358,-nan,0.000000
175,0.001416,-nan,0.000000
176,0.001329,-nan,0.000000
176,0.000344,-nan,0.000000
176,0.000333,-nan,0.000000
176,0.000380,-nan,0.000000
177,0.003489,-nan,0.000000
177,0.001414,-nan,0.000000
177,0.000349,-nan,0.000000
177,0.001488,-nan,0.000000
178,0.002006,-nan,0.000000
178,0.001552,-nan,0.000000
178,0.000482,-nan,0.000000
178,0.001486,-nan,0.000000
179,0.002401,-nan,0.000000
179,0.001534,-nan,0.000000
179,0.000453,-nan,0.000000
179,0.001525,-nan,0.000000
180,0.002289,-nan,0.000000
180,0.000418,-nan,0.000000
180,0.000431,-nan,0.000000
180,0.000388,-nan,0.000000
181,0.002230,-nan,0.000000
181,0.001449,-nan,0.000000
181,0.000371,-nan,0.000000
181,0.001911,-nan,0.000000
182,0.004077,-nan,0.000000
182,0.001477,-nan,0.000000
182,0.000415,-nan,0.000000
182,0.004445,-nan,0.000000
183,0.001829,-nan,0.000000
183,0.001458,-nan,0.000000
183,0.000384,-nan,0.000000
183,0.001473,-nan,0.000000
184,0.000755,-nan,0.000000
184,0.000356,-nan,0.000000
184,0.000338,-nan,0.000000
184,0.000391,-nan,0.000000
185,0.003522,-nan,0.000000
185,0.001946,-nan,0.000000
185,0.000346,151.000000,151.000000
185,0.001474,-nan,0.000000
186,0.001924,-nan,0.000000
186,0.001485,-nan,0.000000
186,0.000373,-nan,0.000000
186,0.001488,-nan,0.000000
187,0.003742,-nan,0.000000
187,0.001483,-nan,0.000000
187,0.000370,-nan,0.000000
187,0.001511,-nan,0.000000
188,0.002356,-nan,0.000000
188,0.000367,-nan,0.000000
188,0.000363,-nan,0.000000
188,0.000392,-nan,0.000000
189,0.003551,-nan,0.000000
189,0.001907,-nan,0.000000
189,0.000378,-nan,0.000000
189,0.001496,-nan,0.000000
190,0.003347,-nan,0.000000
190,0.002173,139.000000,139.000000
190,0.000390,-nan,0.000000
190,0.001512,-nan,0.000000
191,0.003441,-nan,0.000000
191,0.001556,-nan,0.000000
191,0.000411,-nan,0.000000
191,0.001519,-nan,0.000000
192,0.000873,-nan,0.000000
192,0.000386,-nan,0.000000
192,0.000377,-nan,0.000000
192,0.000847,-nan,0.000000
193,0.002281,-nan,0.000000
193,0.001962,-nan,0.000000
193,0.000385,-nan,0.000000
193,0.001963,-nan,0.000000
194,0.003112,-nan,0.000000
194,0.001527,-nan,0.000000
194,0.000360,-nan,0.000000
194,0.001565,-nan,0.000000
195,0.002830,-nan,0.000000
195,0.001644,-nan,0.000000
195,0.000544,133.000000,133.000000
195,0.002003,-nan,0.000000
196,0.000863,-nan,0.000000
196,0.000393,-nan,0.000000
196,0.000385,-nan,0.000000
196,0.000379,-nan,0.000000
197,0.002069,-nan,0.000000
197,0.001548,-nan,0.000000
197,0.000407,-nan,0.000000
197,0.001559,-nan,0.000000
198,0.001962,-nan,0.000000
198,0.002009,-nan,0.000000
198,0.000386,-nan,0.000000
198,0.001577,-nan,0.000000
199,0.002359,130.000000,130.000000
199,0.001556,-nan,0.000000
199,0.000573,-nan,0.000000
199,0.002069,-nan,0.000000
200,0.001146,-nan,0.000000
200,0.000357,-nan,0.000000
200,0.000343,-nan,0.000000
200,0.000397,-nan,0.000000
201,0.002775,-nan,0.000000
201,0.001576,-nan,0.000000
201,0.000393,-nan,0.000000
201,0.002212,-nan,0.000000
202,0.002537,-nan,0.000000
202,0.001612,-nan,0.000000
202,0.000377,-nan,0.000000
202,0.002047,-nan,0.000000
203,0.002381,-nan,0.000000
203,0.001586,-nan,0.000000
203,0.000375,-nan,0.000000
203,0.001590,-nan,0.000000
204,0.002327,156.000000,156.000000
204,0.000362,-nan,0.000000
204,0.000333,-nan,0.000000
204,0.000381,-nan,0.000000
205,0.002257,-nan,0.000000
205,0.002029,-nan,0.000000
205,0.000362,-nan,0.000000
205,0.002109,-nan,0.000000
206,0.002719,-nan,0.000000
206,0.002058,-nan,0.000000
206,0.000381,-nan,0.000000
206,0.001611,-nan,0.000000
207,0.003434,-nan,0.000000
207,0.001589,-nan,0.000000
207,0.000357,-nan,0.000000
207,0.001599,-nan,0.000000
208,0.001260,-nan,0.000000
208,0.000350,-nan,0.000000
208,0.000357,-nan,0.000000
208,0.000382,-nan,0.000000
209,0.002226,-nan,0.000000
209,0.002081,-nan,0.000000
209,0.000367,-nan,0.000000
209,0.001618,-nan,0.000000
210,0.003598,-nan,0.000000
210,0.002364,-nan,0.000000
210,0.000369,-nan,0.000000
210,0.001634,-nan,0.000000
211,0.003671,-nan,0.000000
211,0.001646,-nan,0.000000
211,0.000379,-nan,0.000000
211,0.001637,-nan,0.000000
212,0.002395,-nan,0.000000
212,0.000366,-nan,0.000000
212,0.000980,-nan,0.000000
212,0.000388,-nan,0.000000
213,0.004495,-nan,0.000000
213,0.001611,149.600000,156.000000
213,0.000404,-nan,0.000000
213,0.001665,-nan,0.000000
214,0.002576,-nan,0.000000
214,0.001678,-nan,0.000000
214,0.000383,-nan,0.000000
214,0.001685,-nan,0.000000
215,0.003593,148.000000,148.000000
215,0.001668,-nan,0.000000
215,0.000393,-nan,0.000000
215,0.001707,-nan,0.000000
216,0.001181,-nan,0.000000
216,0.000362,-nan,0.000000
216,0.000357,-nan,0.000000
216,0.000397,-nan,0.000000
217,0.015704,141.000000,141.000000
217,0.001676,-nan,0.000000
217,0.000400,-nan,0.000000
217,0.001672,-nan,0.000000
218,0.002460,-nan,0.000000
218,0.001690,-nan,0.000000
218,0.000386,-nan,0.000000
218,0.002201,-nan,0.000000
219,0.003631,-nan,0.000000
219,0.001678,-nan,0.000000
219,0.000485,149.000000,149.000000
219,0.001690,-nan,0.000000
220,0.001032,-nan,0.000000
220,0.000407,-nan,0.000000
220,0.000399,-nan,0.000000
220,0.000391,-nan,0.000000
221,0.004041,-nan,0.000000
221,0.001680,-nan,0.000000
221,0.000381,-nan,0.000000
221,0.001728,-nan,0.000000
222,0.002297,-nan,0.000000
222,0.001705,-nan,0.000000
222,0.000382,-nan,0.000000
222,0.001712,-nan,0.000000
223,0.004094,-nan,0.000000
223,0.001689,-nan,0.000000
223,0.000408,-nan,0.000000
223,0.002394,-nan,0.000000
224,0.000802,-nan,0.000000
224,0.000366,-nan,0.000000
224,0.000345,-nan,0.000000
224,0.000387,-nan,0.000000
225,0.003451,-nan,0.000000
225,0.014847,143.500000,144.000000
225,0.000426,-nan,0.000000
225,0.073985,148.000000,148.000000
226,0.003539,-nan,0.000000
226,0.002250,-nan,0.000000
226,0.000418,-nan,0.000000
226,0.001728,-nan,0.000000
227,0.002374,-nan,0.000000
227,0.001751,-nan,0.000000
227,0.000392,-nan,0.000000
227,0.001812,-nan,0.000000
228,0.001333,-nan,0.000000
228,0.000422,-nan,0.000000
228,0.000371,-nan,0.000000
228,0.000408,-nan,0.000000
